Nome,Idade,Endere√ßo
Tiffany Harmon,22,"23180 Joshua Lights
Ronaldbury, SC 59618"
Sarah Vega,39,"47236 Joshua Parkway
North Stevenside, AR 24766"
Michael Torres,21,"386 Robert Ways
South Steven, VT 05258"
Christopher Williams,30,"972 Diaz Stravenue Apt. 818
Port Rachel, MN 78490"
Christy Roberts,50,"5743 Amanda Fork Suite 603
Hornport, KS 32854"
Brenda Robbins,55,"53648 Petersen Island Apt. 741
Port Jamie, AZ 07807"
Jose Hill,42,"39716 Heidi Bridge Suite 735
New Dylanburgh, MS 86464"
Vernon Johnson,25,"274 Garcia Place
Nicoleton, MD 06492"
Andrew Guerra,19,"54840 Michelle Plaza
Kellybury, PR 29681"
Lonnie Schroeder,60,"54497 Bryan Branch Apt. 437
North Arthur, OR 47828"
